{
  "msg": "",
  "code": 0,
  "data": {
    "iterInfo": {
      "22": [
        [15.525885558583125, 7.362397820163494, 426.78253405994553],
        [16.049773755656073, 10.85067873303165, 1908.5021266968324],
        [18.460227272727245, 11.190340909090907, 1191.9723579545462]
      ],
      "23": [
        [15.532608695652163, 7.3451086956521685, 427.8166847826087],
        [16.049773755656073, 10.85067873303165, 1908.5021266968324],
        [18.461538461538435, 11.219373219373201, 1193.0681481481488]
      ],
      "24": [
        [15.520325203252016, 7.330623306233054, 428.8529539295392],
        [16.06818181818183, 10.795454545454552, 1910.1289090909092],
        [18.46438746438744, 11.279202279202263, 1195.177578347579]
      ],
      "25": [
        [15.520325203252016, 7.330623306233054, 428.8529539295392],
        [16.06818181818183, 10.795454545454552, 1910.1289090909092],
        [18.46438746438744, 11.279202279202263, 1195.177578347579]
      ],
      "10": [
        [15.878048780487802, 7.137195121951206, 386.32716463414636],
        [16.38602941176471, 10.84558823529412, 1831.6762867647055],
        [17.876470588235332, 11.023529411764716, 1097.2093235294117]
      ],
      "11": [
        [15.85885885885887, 7.177177177177165, 391.5751651651651],
        [16.06390977443611, 10.710526315789481, 1840.1228947368425],
        [18.14956011730212, 11.143695014662788, 1108.8422580645156]
      ],
      "12": [
        [15.845697329376863, 7.181008902077165, 395.7990207715136],
        [16.151750972762606, 10.712062256809313, 1853.106887159533],
        [18.069364161849716, 11.17341040462428, 1122.3979479768786]
      ],
      "13": [
        [15.819767441860465, 7.252906976744166, 403.0938081395347],
        [16.16600790513834, 10.7509881422925, 1858.9741501976291],
        [18.10787172011664, 11.148688046647248, 1134.1040816326529]
      ],
      "14": [
        [15.70285714285716, 7.314285714285706, 409.26208571428566],
        [16.064257028112454, 10.71084337349399, 1864.8595582329328],
        [18.319648093841717, 11.178885630498568, 1144.8406744868023]
      ],
      "15": [
        [15.688202247190997, 7.31460674157303, 415.41202247191023],
        [15.983673469387764, 10.767346938775512, 1870.8357551020408],
        [18.412979351032437, 11.200589970501467, 1155.5781415929214]
      ],
      "16": [
        [15.639664804469275, 7.360335195530742, 417.4460055865924],
        [15.970588235294079, 10.752100840336112, 1881.5044117647062],
        [18.43895348837209, 11.177325581395337, 1164.938110465116]
      ],
      "17": [
        [15.580555555555579, 7.361111111111119, 419.51313888888905],
        [15.94871794871791, 10.841880341880318, 1887.729786324786],
        [18.50289017341042, 11.132947976878619, 1171.1818786127167]
      ],
      "18": [
        [15.584487534626042, 7.343490304709148, 420.5490304709143],
        [15.965217391304357, 10.839130434782609, 1894.0016521739133],
        [18.467048710601727, 11.160458452722063, 1176.34340974212]
      ],
      "19": [
        [15.567493112947648, 7.336088154269961, 422.6290082644627],
        [15.98672566371681, 10.840707964601776, 1900.3850442477874],
        [18.45868945868943, 11.185185185185167, 1182.5671794871803]
      ],
      "1": [
        [16.13839285714286, 5.450892857142851, 274.6225446428572],
        [17.198564593301466, 11.114832535885181, 1649.6225358851684],
        [16.573825503355707, 10.644295302013413, 828.6065771812089]
      ],
      "2": [
        [15.940425531914892, 5.663829787234045, 286.98323404255314],
        [17.11568123393315, 11.048843187660674, 1683.6586118251926],
        [16.895569620253152, 10.791139240506322, 872.1461075949367]
      ],
      "3": [
        [15.9411764705882, 6.027450980392145, 308.7483137254902],
        [17.076712328767133, 11.28219178082193, 1711.4149863013704],
        [17.015624999999993, 10.574999999999998, 920.5785625000003]
      ],
      "4": [
        [15.903345724907053, 6.271375464684007, 323.7688104089221],
        [17.28613569321533, 11.032448377581117, 1743.3575811209432],
        [16.882530120481935, 10.87951807228915, 963.5253012048192]
      ],
      "5": [
        [15.783216783216782, 6.657342657342651, 341.873986013986],
        [16.987421383647813, 10.849056603773587, 1770.3803144654084],
        [17.342261904761916, 10.967261904761916, 1003.6474107142858]
      ],
      "6": [
        [15.946127946127955, 6.649831649831654, 353.5219528619528],
        [16.65789473684213, 10.865131578947386, 1788.6262828947367],
        [17.530973451327444, 11.094395280235977, 1030.2183480825965]
      ],
      "7": [
        [15.935275080906154, 6.847896440129448, 366.30236245954694],
        [16.74149659863945, 10.826530612244902, 1801.9569727891153],
        [17.49851632047478, 11.097922848664691, 1053.4707715133525]
      ],
      "8": [
        [15.911671924290232, 6.927444794952663, 374.7307255520505],
        [16.759581881533094, 10.80139372822299, 1811.2682926829273],
        [17.526785714285726, 11.139880952380956, 1069.5202083333334]
      ],
      "9": [
        [15.913580246913584, 7.058641975308629, 382.13481481481466],
        [16.534050179211476, 10.856630824372772, 1821.9911469534054],
        [17.727002967359045, 11.047477744807123, 1085.5644510385753]
      ],
      "20": [
        [15.549450549450583, 7.340659340659321, 423.67277472527473],
        [16.053571428571434, 10.821428571428575, 1903.6336607142857],
        [18.42897727272725, 11.201704545454541, 1185.6579545454554]
      ],
      "21": [
        [15.513661202185792, 7.363387978142066, 425.7487431693989],
        [16.031390134529143, 10.838565022421516, 1905.2527354260085],
        [18.490028490028465, 11.18803418803417, 1188.8519373219378]
      ]
    },
    "jcx": [
      "2",
      "3",
      "4",
      "5",
      "6",
      "7",
      "8",
      "9",
      "10",
      "11",
      "12",
      "13",
      "14",
      "15",
      "16",
      "17",
      "18",
      "19",
      "20",
      "21",
      "22",
      "23",
      "24",
      "次数"
    ],
    "jcy": [
      3435489.5973033607, 2142948.568222642, 2181345.3797138333,
      1830468.4525328875, 895190.4322983325, 627811.2035370469,
      318391.99717980623, 218740.78016221523, 205847.8172056079,
      180492.18017432094, 196255.48689699173, 156540.10141190886,
      134211.20015770197, 121802.1800377667, 127586.9593180418,
      63043.84502157569, 35091.872596114874, 36101.36797377467,
      20320.425236284733, 12107.015968471766, 11857.595490396023,
      3975.668229430914, 3239.092036485672
    ]
  },
  "message": "ok"
}
